{
  "model": "GradientBoosting",
  "target": "sepal_length",
  "n_future": 100,
  "metrics": {
    "R2": 0.8142621320538019,
    "RMSE": 0.3580623674459461,
    "MAE": 0.29589384704041294
  },
  "pred_range": [
    5.919070056621064,
    5.919070056621064
  ],
  "pred_mean": 5.91907005662107,
  "trend": "平稳",
  "change_pct": 0.0
}