epoch,loss
1,0.052178
2,0.053779
3,0.053779
4,0.052178
5,0.053779
6,0.052178
7,0.053779
8,0.053779
9,0.053779
10,0.053779
