{
  "model": "GradientBoosting",
  "target": "sepal_length",
  "n_future": 100,
  "metrics": {
    "R2": 0.8104493986473275,
    "RMSE": 0.36171876058669045,
    "MAE": 0.3010722381804128
  },
  "pred_range": [
    5.919070056621064,
    5.919070056621064
  ],
  "pred_mean": 5.91907005662107,
  "trend": "平稳",
  "change_pct": 0.0
}