{
  "model": "GradientBoosting",
  "target": "sepal_length",
  "n_future": 100,
  "metrics": {
    "R2": 0.8158059242547023,
    "RMSE": 0.3565712140434982,
    "MAE": 0.29372396520380273
  },
  "pred_range": [
    5.919070056621064,
    5.919070056621064
  ],
  "pred_mean": 5.91907005662107,
  "trend": "平稳",
  "change_pct": 0.0
}