{
  "model": "GradientBoosting",
  "target": "sepal_length",
  "n_future": 100,
  "metrics": {
    "R2": 0.8148020917670943,
    "RMSE": 0.35754152596526056,
    "MAE": 0.2960595415261295
  },
  "pred_range": [
    5.919070056621064,
    5.919070056621064
  ],
  "pred_mean": 5.91907005662107,
  "trend": "平稳",
  "change_pct": 0.0
}