epoch,loss
1,0.053779
2,0.053779
3,0.053779
4,0.052178
5,0.052178
6,0.053779
7,0.053779
8,0.052178
9,0.053779
10,0.053779
